"FDT_STA_ID","STA_LV3_CODE","STA_LV1_CODE","STA_REC_CODE","Deq_Region","STA_DESC","FDT_SSC_CODE","FDT_SPG_CODE","STA_LV2_CODE","Latitude","Longitude","Majorbasincode","Majorbasinname","Basin","Subbasin","Huc6_Huc_8","Huc6_Huc_8_Name","Huc6_Name","Huc6_Huc_12","Huc6_Huc_12_Name","Huc6_Vahu5","Huc6_Vahu6","STA_CBP_NAME","STATION_ID","ID305B_1","ID305B_2","ID305B_3","DEPTH","REGION","STATION_TYPE_1","STATION_TYPE_2","STATION_TYPE_3","STATION_LAT","STATION_LON","WATERSHED_ID","VAHU6","TEMP_VIO","TEMP_SAMP","TEMP_STAT","DO_VIO","DO_SAMP","DO_STAT","PH_VIO","PH_SAMP","PH_STAT","ECOLI_VIO","ECOLI_SAMP","ECOLI_STAT","ENTER_VIO","ENTER_SAMP","ENTER_STAT","WAT_MET_VIO","WAT_MET_STAT","WAT_TOX_VIO","WAT_TOX_STAT","SED_MET_VIO","SED_MET_STAT","SED_TOX_VIO","SED_TOX_STAT","FISH_MET_VIO","FISH_MET_STAT","FISH_TOX_VIO","FISH_TOX_STAT","BENTHIC_STAT","NUT_TP_VIO","NUT_TP_SAMP","NUT_TP_STAT","NUT_CHLA_VIO","NUT_CHLA_SAMP","NUT_CHLA_STAT","Notes","X__1","Point.Unique.Identifier","Buffer.Distance","OBJECTID","GNIS_ID","GNIS_Name","FType","FCode","BASIN","WQS_COMMEN","WATER_NAME","SEC","CLASS","SPSTDS","SECTION_DE","Basin_Code","PWS","Trout","Edit_Date","StreamType","Tier_III","Backlog","Shape_Leng"
"2-BRI010.78","AWTSHD","RESERV","SCRO","Blue Ridge","BRIERY CREEK LAKE STA.#1 AT DAM PRINCE E",2,"RL","AMBNT",37.20166667,-78.44527778,2,"Mid Atlantic","James River Basin","APPOMATTOX",2080207,"Appomattox","Briery Creek",20802070301,"Briery Creek","JA-C","JA10",NA,"2-BRI010.78",NA,NA,NA,NA,NA,NA,NA,NA,NA,NA,NA,NA,NA,NA,NA,NA,NA,NA,NA,NA,NA,NA,NA,NA,NA,NA,NA,NA,NA,NA,NA,NA,NA,NA,NA,NA,NA,NA,NA,NA,NA,NA,NA,NA,NA,NA,NA,NA,"2-BRI010.78","10 m",74821,"01463823","Briery Creek",558,55800,"2D",NA,"Briery Creek Lake","5c","III",NA,"Appomattox River from the head of tidal waters, and free flowing tributaries to the Appomattox River, to their headwaters, unless otherwise designated in this chapter.","Appomattox",NA,NA,NA,"Artificial Path",NA,NA,578.380695533
"2-BRI013.12","AWTSHD","RESERV","SCRO","Blue Ridge","BRIERY CREEK LAKE UPPER END OF LAKE PRIN",2,"RL","AMBNT",37.17805556,-78.46083333,2,"Mid Atlantic","James River Basin","APPOMATTOX",2080207,"Appomattox","Briery Creek",20802070301,"Briery Creek","JA-C","JA10",NA,"2-BRI013.12",NA,NA,NA,NA,NA,NA,NA,NA,NA,NA,NA,NA,NA,NA,NA,NA,NA,NA,NA,NA,NA,NA,NA,NA,NA,NA,NA,NA,NA,NA,NA,NA,NA,NA,NA,NA,NA,NA,NA,NA,NA,NA,NA,NA,NA,NA,NA,NA,"2-BRI013.12","30 m",74835,"01463823","Briery Creek",558,55800,"2D",NA,"Briery Creek Lake","5c","III",NA,"Appomattox River from the head of tidal waters, and free flowing tributaries to the Appomattox River, to their headwaters, unless otherwise designated in this chapter.","Appomattox",NA,NA,NA,"Artificial Path",NA,NA,1887.02783052
"2-BSB000.20","BIOMON","STREAM","WCRO","Blue Ridge","Dnstr of Green Pasture Rd",2,"RB","AMBNT",37.83333333,-79.66666667,2,"Mid Atlantic","James River Basin","UPPER JAMES",2080201,"Upper James","Simpson Creek-Cowpasture River",20802010803,"Cowpasture River-Simpson Creek","JU-H","JU36",NA,"2-BSB000.20","VAW-I17R_BSB01A08",NA,NA,"B","BRRO","A","B",NA,37.795611,-79.707011,"I17R","JU36",0,2,"S",0,2,"S",0,2,"S",0,0,NA,NA,NA,NA,NA,NA,NA,NA,NA,NA,NA,NA,NA,NA,NA,NA,"S",0,2,"S",0,0,NA,"2014/2016 Cycle:  This waters are designated by WQS as Tier III waters.  

Bio 'FS' Two 2012 surveys with an average score of 81.0.  This station was surveyed as part of the Cowpasture River Tier III survey to determine water quality and benthic macroinvertebrate community conditions within the Simpson Creek watershed.  This stream had an exceptional benthic community and habitat.  The benthic community was very diverse and dominated by pollution sensitive organisms.  The watershed is within the Jefferson National Forest and dominated by forested land cover with some roads and hiking trails that appear to have minimal impact on the stream.  The eroded stream banks and sediment deposition appear to be from torrential flows in this high gradient watershed.  

Outside Data Window:  
Bio 'FS' One VSCI fall 2004 survey scoring 74.7.  This station was surveyed as part of the Cowpasture River Tier III survey to determine water quality and benthic macroinvertebrate community conditions within the Simpson Creek watershed.  This stream had an exceptional benthic community and habitat.  The benthic community was very diverse and was dominated by pollution sensitive organisms.",NA,NA,NA,NA,NA,NA,NA,NA,NA,NA,NA,NA,NA,NA,NA,NA,NA,NA,NA,NA,NA,NA,NA
"2-BUF011.95","TMDL","STREAM","SCRO","Blue Ridge","Rt 739 Bridge Boxwood Farm Road",10120,"TM","AMBNT",37.596,-79.005,2,"Mid Atlantic","James River Basin","MIDDLE JAMES-BUFFALO",2080203,"Middle James Buffalo","Stonewall Creek-Buffalo River",20802030602,"Buffalo River-Stonewall Creek","JM-F","JM29",NA,"2-BUF011.95","VAW-H11R_BUF01A00",NA,NA,"S","BRRO","TM",NA,NA,37.596,-79.005,"H11R","JM29",0,11,"S",0,11,"S",0,11,"S",4,12,"IM",NA,NA,NA,NA,NA,NA,NA,NA,NA,NA,NA,NA,NA,NA,NA,NA,0,12,"S",0,0,NA,NA,NA,NA,NA,NA,NA,NA,NA,NA,NA,NA,NA,NA,NA,NA,NA,NA,NA,NA,NA,NA,NA,NA,NA
"2-CAT023.83","AWTSHD","STREAM","WCRO","Blue Ridge","GAGE NEAR CATAWBA, ROUTE 779 BRIDGE",2,"AW","AMBNT",37.46666667,-80.00555556,2,"Mid Atlantic","James River Basin","UPPER JAMES",2080201,"Upper James","Little Catawba Creek-Catawba Creek",20802011301,"Catawba Creek-Little Catawba Creek","JU-M","JU52",NA,"2-CAT023.83","VAW-I25R_CAT04A04","VAW-I25R_CAT04B04","VAW-I25R_CAT03B04","S","BRRO","A",NA,NA,37.468056,-80.005556,"I25R","JU52",0,24,"S",0,24,"S",0,24,"S",9,24,"IM",NA,NA,NA,NA,NA,NA,NA,NA,NA,NA,NA,NA,NA,NA,NA,NA,0,24,"S",0,0,NA,"2014/2016 Cycle: Waters remain impaired with 2014 IR 2-CAT023.83- E.coli 8/24.  No additiional data 2016 IR.

Supplemental Information:  2-CAT014.63- No additional data beyond the 2006 IR.  2006 IR FC-6/20 'IM'.

Outside Data Window:   
Total measurements 12.  Daily Mean Flow; 02018500 Catawba Creek - Catawba < 7Q10 of 1.3 cfs @ gage on 8/12/02 (0.61 cfs).  One Fully Supporting field measurement set excluded from the dataset.  
2-CAT026.55 (FPM) VAEQ99-336 (2003) SPMD-'FS' with ALUS 'OE' Mirex exceeds WQS Chronic Freshwater Std. of zero '0' at 1.14 pg/L 'OE'.   ProbMon site single sample.  No PEC Sediment exceedances from 2003 data; outside 2012 Data Window.",NA,NA,NA,NA,NA,NA,NA,NA,NA,NA,NA,NA,NA,NA,NA,NA,NA,NA,NA,NA,NA,NA,NA
"2-JKS046.40","AWTSHD","RESERV","WCRO","Blue Ridge","MOOMAW #2ATOP CONF W/BIG LICK CREEK #2B-",2,"RL","AMBNT",37.95138889,-79.97638889,2,"Mid Atlantic","James River Basin","UPPER JAMES",2080201,"Upper James","Lake Moomaw-Jackson River",20802010205,"Jackson River/Lake Moomaw","JU-B","JU08",NA,"2-JKS046.40",NA,NA,NA,NA,NA,NA,NA,NA,NA,NA,NA,NA,NA,NA,NA,NA,NA,NA,NA,NA,NA,NA,NA,NA,NA,NA,NA,NA,NA,NA,NA,NA,NA,NA,NA,NA,NA,NA,NA,NA,NA,NA,NA,NA,NA,NA,NA,NA,"2-JKS046.40","60 m",19335,"01673691","Hughes Creek",558,55800,"2A",NA,"Lake Moomaw (Jackson River)","12","IV",NA,"James River and its tributaries from Balcony Falls to their headwaters, unless otherwise designated in this chapter. (The Maury River between its confluence with the James River upstream to its headwaters (the confluence of the Calfpasture and Little Cal","James-Upper",NA,NA,NA,"Artificial Path",NA,"Yes",886.838641768
"2-JMS176.63","ATRND","STREAM","SCRO","Blue Ridge","Rt. 15 Bridge",2,"TR","AMBNT",37.70972222,-78.30222222,2,"Mid Atlantic","James River Basin","MIDDLE JAMES-BUFFALO",2080203,"Middle James Buffalo","Bear Garden Creek-James River",20802031502,"James River-Bear Garden Creek","JM-O","JM58",NA,"2-JMS176.63",NA,NA,NA,NA,NA,NA,NA,NA,NA,NA,NA,NA,NA,NA,NA,NA,NA,NA,NA,NA,NA,NA,NA,NA,NA,NA,NA,NA,NA,NA,NA,NA,NA,NA,NA,NA,NA,NA,NA,NA,NA,NA,NA,NA,NA,NA,NA,NA,NA,NA,NA,NA,NA,NA,NA,NA,NA,NA,NA,NA,NA,NA,NA,NA,NA,NA,NA,NA,NA,NA
"2-JOB000.39","AWTSHD","STREAM","WCRO","Blue Ridge","JOHNS CREEK AT NEW CASTLE GAGE RT. 615 B",2,"AW","AMBNT",37.50638889,-80.105,2,"Mid Atlantic","James River Basin","UPPER JAMES",2080201,"Upper James","Lower Johns Creek",20802011102,"Lower Johns Creek","JU-K","JU45","2017500","2-JOB000.39","VAW-I21R_JOB01A00","VAW-I21R_JOB01B04",NA,"S,B","BRRO","A","B",NA,37.506389,-80.106944,"I21R","JU45",0,14,"S",0,14,"S",0,14,"S",1,12,"S",NA,NA,NA,NA,NA,NA,NA,NA,NA,NA,NA,NA,NA,NA,NA,"S",0,14,"S",0,0,NA,"2014/2016 Cycle: DELIST Bacteria 2014- E.coli 1 / 12.  2004 Bacteria FC Listed 2/18-IM.  1998 thru 2012 data show a bacteria exceedence vs total of 3/39 observations.  EPA approved delist.
Outside Data Window:  
2005 sediment only no PEC exceedances. 
2001 FT/Sed no PEC exceedances. AQ 2000 sediment.",NA,NA,NA,NA,NA,NA,NA,NA,NA,NA,NA,NA,NA,NA,NA,NA,NA,NA,NA,NA,NA,NA,NA
"2-MBN000.96","AWTSHD","RESERV","SCRO","Blue Ridge","SANDY RIVER RESERVOIR, MARROWBONE CR AR",2,"RL","AMBNT",37.25472222,-78.30361111,2,"Mid Atlantic","James River Basin","APPOMATTOX",2080207,"Appomattox","Sandy River",20802070305,"Bush River-Sandy River","JA-C","JA14",NA,"2-MBN000.96",NA,NA,NA,NA,NA,NA,NA,NA,NA,NA,NA,NA,NA,NA,NA,NA,NA,NA,NA,NA,NA,NA,NA,NA,NA,NA,NA,NA,NA,NA,NA,NA,NA,NA,NA,NA,NA,NA,NA,NA,NA,NA,NA,NA,NA,NA,NA,NA,"2-MBN000.96","20 m",74886,"01470106","Marrowbone Creek",558,55800,"2D",NA,"Sandy River Reservoir","5c","III",NA,"Appomattox River from the head of tidal waters, and free flowing tributaries to the Appomattox River, to their headwaters, unless otherwise designated in this chapter.","Appomattox",NA,NA,NA,"Artificial Path",NA,NA,1412.30679744
"2-MEO000.38","AWTSHD","STREAM","WCRO","Blue Ridge","RT. 311 BRIDGE",2,"AW","AMBNT",37.49083333,-80.10666667,2,"Mid Atlantic","James River Basin","UPPER JAMES",2080201,"Upper James","Meadow Creek",20802011002,"Meadow Creek","JU-J","JU42",NA,"2-MEO000.38","VAW-I20R_MEO01A00",NA,NA,"S","BRRO","A",NA,NA,37.493611,-80.106667,"I20R","JU42",0,12,"S",0,12,"S",0,12,"S",1,12,"S",NA,NA,NA,NA,NA,NA,NA,NA,NA,NA,NA,NA,NA,NA,NA,NA,0,12,"S",0,0,NA,"2016 Cycle:  2016 FULL DELIST Tempeerature (0/12).  E.coli (1/12) insufficient to assess but shown as 'OE'.  Initial Temp 303(d) Listing 2006.  The 2006 Integrated Report (IR) initially reported four temperature excursions of the Class VI 20 °C criterion from 19 measurements resulting in the original 303(d) Listing.  Temperature excursions occurred three times in the month of July (2000, 2003 & 2004) and September 2003.  The maximum exceedance, 21.6 °C, occurred on July 10, 2000.  

2012 Cycle:  No additional data beyond the 2008 IR.  Temperature impairment remains.  Three of 15 temperature measurements in 2008 and three of 12 measurements in 2010.  Exceedances occur in July '03 (20.1°C) & '04 (21.1°C) and Sept. '03 (21.2°C). 

Outside Data Window:  De-listed 2008 E.coli (2004 Bacteria FC Listed station. 2/18). Temp exceeds in July '03 & '04 (Max. 21.1 °C) and Sept. '03 (21.2°C); 2 RBP II surveys 2000; REF benthic site. AQ 2000 sediment.",NA,NA,NA,NA,NA,NA,NA,NA,NA,NA,NA,NA,NA,NA,NA,NA,NA,NA,NA,NA,NA,NA,NA
"2-MIN000.98","SSTUDY","RESERV","SCRO","Blue Ridge","Mill Cr Reservoir- Main Lake site @ dam",2,"RL","AMBNT",37.66111111,-79.07861111,2,"Mid Atlantic","James River Basin","MIDDLE JAMES-BUFFALO",2080203,"Middle James Buffalo","Stonewall Creek-Buffalo River",20802030602,"Buffalo River-Stonewall Creek","JM-F","JM29",NA,"2-MIN000.98",NA,NA,NA,NA,NA,NA,NA,NA,NA,NA,NA,NA,NA,NA,NA,NA,NA,NA,NA,NA,NA,NA,NA,NA,NA,NA,NA,NA,NA,NA,NA,NA,NA,NA,NA,NA,NA,NA,NA,NA,NA,NA,NA,NA,NA,NA,NA,NA,"2-MIN000.98","10 m",46721,"01485419","Mill Creek",558,55800,"2B",NA,"Mill Creek Reservoir","11","III",NA,"James River and its tributaries from, but not including, the Rockfish River to Balcony Falls, unless otherwise designated in this chapter.","James-Middle",NA,NA,NA,"Artificial Path",NA,NA,303.332498015
"2-SDY004.27","AWTSHD","RESERV","SCRO","Blue Ridge","SANDY RIVER, RESERVOIR, NEAR DAM",2,"RL","AMBNT",37.25888889,-78.31777778,2,"Mid Atlantic","James River Basin","APPOMATTOX",2080207,"Appomattox","Sandy River",20802070305,"Bush River-Sandy River","JA-C","JA14",NA,"2-SDY004.27",NA,NA,NA,NA,NA,NA,NA,NA,NA,NA,NA,NA,NA,NA,NA,NA,NA,NA,NA,NA,NA,NA,NA,NA,NA,NA,NA,NA,NA,NA,NA,NA,NA,NA,NA,NA,NA,NA,NA,NA,NA,NA,NA,NA,NA,NA,NA,NA,"2-SDY004.27","User Selected",74809,"01474048","Sandy River",558,55800,"2D",NA,"Sandy River Reservoir","5c","III",NA,"Appomattox River from the head of tidal waters, and free flowing tributaries to the Appomattox River, to their headwaters, unless otherwise designated in this chapter.","Appomattox",NA,NA,NA,"Artificial Path",NA,NA,104.758701295
"2-SDY005.85","AWTSHD","RESERV","SCRO","Blue Ridge","SANDY RIVER, RESRVOIR, UPPER LAKE STATIO",2,"RL","AMBNT",37.23805556,-78.31638889,2,"Mid Atlantic","James River Basin","APPOMATTOX",2080207,"Appomattox","Sandy River",20802070305,"Bush River-Sandy River","JA-C","JA14",NA,"2-SDY005.85",NA,NA,NA,NA,NA,NA,NA,NA,NA,NA,NA,NA,NA,NA,NA,NA,NA,NA,NA,NA,NA,NA,NA,NA,NA,NA,NA,NA,NA,NA,NA,NA,NA,NA,NA,NA,NA,NA,NA,NA,NA,NA,NA,NA,NA,NA,NA,NA,"2-SDY005.85","20 m",74880,"01469646","Little Sandy Creek",558,55800,"2D",NA,"Sandy River Reservoir","5c","III",NA,"Appomattox River from the head of tidal waters, and free flowing tributaries to the Appomattox River, to their headwaters, unless otherwise designated in this chapter.","Appomattox",NA,NA,NA,"Artificial Path",NA,NA,301.848781925
"2-TBM000.92","AWTSHD","RESERV","SCRO","Blue Ridge","SLATE RIVER DAM #2 SCS IMPOUNDMENT",2,"RL","AMBNT",37.56805556,-78.53972222,2,"Mid Atlantic","James River Basin","MIDDLE JAMES-BUFFALO",2080203,"Middle James Buffalo","Horsepen Creek-Slate River",20802031303,"Slate River-Horsepen Creek","JM-M","JM53",NA,"2-TBM000.92",NA,NA,NA,NA,NA,NA,NA,NA,NA,NA,NA,NA,NA,NA,NA,NA,NA,NA,NA,NA,NA,NA,NA,NA,NA,NA,NA,NA,NA,NA,NA,NA,NA,NA,NA,NA,NA,NA,NA,NA,NA,NA,NA,NA,NA,NA,NA,NA,NA,NA,NA,NA,NA,NA,NA,NA,NA,NA,NA,NA,NA,NA,NA,NA,NA,NA,NA,NA,NA,NA
"2-XEP000.44","AWTSHD","RESERV","SCRO","Blue Ridge","GOODWIN LAKE-NEAR DAM-PRINCE EDWARD CO",2,"RL","AMBNT",37.17416667,-78.28138889,2,"Mid Atlantic","James River Basin","APPOMATTOX",2080207,"Appomattox","Sandy River",20802070305,"Bush River-Sandy River","JA-C","JA14",NA,"2-XEP000.44",NA,NA,NA,NA,NA,NA,NA,NA,NA,NA,NA,NA,NA,NA,NA,NA,NA,NA,NA,NA,NA,NA,NA,NA,NA,NA,NA,NA,NA,NA,NA,NA,NA,NA,NA,NA,NA,NA,NA,NA,NA,NA,NA,NA,NA,NA,NA,NA,"2-XEP000.44","10 m",74913,NA,NA,558,55800,"2D",NA,"Goodwin Lake","5c","III",NA,"Appomattox River from the head of tidal waters, and free flowing tributaries to the Appomattox River, to their headwaters, unless otherwise designated in this chapter.","Appomattox",NA,NA,NA,"Artificial Path",NA,NA,475.494360703
"2BACH000.09","AWTSHD","STREAM","SCRO","Blue Ridge","Route 609",2,"AW","AMBNT",37.39305556,-79.04,2,"Mid Atlantic","James River Basin","MIDDLE JAMES-BUFFALO",2080203,"Middle James Buffalo","Archer Creek-James River",20802030401,"James River-Beck Creek","JM-D","JM13",NA,"2BACH000.09","VAW-H05R_ACH01A16",NA,NA,"S","BRRO","A",NA,NA,37.394,-79.06,"H05R","JM13",0,12,"S",0,12,"S",0,12,"S",5,12,"IM",NA,NA,NA,NA,NA,NA,NA,NA,NA,NA,NA,NA,NA,NA,NA,NA,0,12,"S",0,0,NA,NA,NA,NA,NA,NA,NA,NA,NA,NA,NA,NA,NA,NA,NA,NA,NA,NA,NA,NA,NA,NA,NA,NA,NA
"2BECH000.53","BIOMON","STREAM","SCRO","Blue Ridge","upstream of FR 39",2,"RB","AMBNT",37.661,-79.29422222,2,"Mid Atlantic","James River Basin","MIDDLE JAMES-BUFFALO",2080203,"Middle James Buffalo","Browns Creek-Pedlar River",20802030202,"Pedlar River-Browns Creek","JM-B","JM05",NA,"2BECH000.53","VAW-H02R_ECH01A02",NA,NA,"S","BRRO","B",NA,NA,37.661,-79.294,"H02R","JM05",0,2,"S",0,2,"S",0,2,"S",0,0,NA,NA,NA,NA,NA,NA,NA,NA,NA,NA,NA,NA,NA,NA,NA,NA,"S",0,0,NA,0,0,NA,"2018 Cycle: Bio 'FS' from two 2016 VSCI scores (S 76.1, F 73.1). Enchanted Creek is a high gradient 2nd order stream with a balanced BMI community.",NA,NA,NA,NA,NA,NA,NA,NA,NA,NA,NA,NA,NA,NA,NA,NA,NA,NA,NA,NA,NA,NA,NA
"4ABAN012.46","AWTSHD","RESERV","SCRO","Blue Ridge","BANISTER LAKE(HALIFAX RESERVOIR)STA #1",2,"RL","AMBNT",36.77972222,-78.92611111,3,"South Atlantic-Gulf","Roanoke River Basin","BANISTER",3010105,"Banister","Polecat Creek-Banister River",30101050401,"Banister River-Polecat Creek","RD-P","RD65",NA,"4ABAN012.46",NA,NA,NA,NA,NA,NA,NA,NA,NA,NA,NA,NA,NA,NA,NA,NA,NA,NA,NA,NA,NA,NA,NA,NA,NA,NA,NA,NA,NA,NA,NA,NA,NA,NA,NA,NA,NA,NA,NA,NA,NA,NA,NA,NA,NA,NA,NA,NA,"4ABAN012.46","40 m",47090,"01462763","Banister River",558,55800,"4A",NA,"Banister Lake","2b","III","PWS","Banister River and its tributaries from Burlington Industries' inactive raw water intake (about 2000 feet downstream of Route 360) inclusive of the Town of Halifax intake at the Banister Lake dam upstream to the Pittsylvania/Halifax County Line (designat","Roanoke","Yes",NA,NA,"Artificial Path",NA,NA,1933.46530547
"4ABHB004.40","AWTSHD","STREAM","SCRO","Blue Ridge","S of Rt. 58, Rudd Branch Confluence",2,"RL","AMBNT",36.64922222,-78.44127778,3,"South Atlantic-Gulf","Roanoke River Basin","MIDDLE ROANOKE",3010102,"Middle Roanoke","Butcher Creek",30101020904,"Butcher Creek/John H Kerr Reservoir","RL-B","RL07",NA,"4ABHB004.40",NA,NA,NA,NA,NA,NA,NA,NA,NA,NA,NA,NA,NA,NA,NA,NA,NA,NA,NA,NA,NA,NA,NA,NA,NA,NA,NA,NA,NA,NA,NA,NA,NA,NA,NA,NA,NA,NA,NA,NA,NA,NA,NA,NA,NA,NA,NA,NA,"4ABHB004.40","40 m",47369,"01464169","Butcher Creek",558,55800,"4A",NA,"Kerr Reservoir","1","III","PWS","Lake Gaston and the John Kerr Reservoir in Virginia and their tributaries in Virginia, unless otherwise designated in this chapter (not including the Roanoke or the Dan Rivers). The Roanoke River Service Authority's water supply intake is in this section","Roanoke","Yes",NA,NA,"Artificial Path",NA,NA,1846.97393462
"4ABSA000.62","ATRND","RESERV","WCRO","Blue Ridge","CONFLUENCE WITH LITTLE BULL RUN",2,"RL","AMBNT",37.02777778,-79.63333333,3,"South Atlantic-Gulf","Roanoke River Basin","UPPER ROANOKE",3010101,"Upper Roanoke","Bull Run-Smith Mountain Lake",30101010603,"Blackwater River/Smith Mountain Lake-Bull Run","RU-F","RU26",NA,"4ABSA000.62",NA,NA,NA,NA,NA,NA,NA,NA,NA,NA,NA,NA,NA,NA,NA,NA,NA,NA,NA,NA,NA,NA,NA,NA,NA,NA,NA,NA,NA,NA,NA,NA,NA,NA,NA,NA,NA,NA,NA,NA,NA,NA,NA,NA,NA,NA,NA,NA,"4ABSA000.62","70 m",47294,"01464071","Bull Run",558,55800,"4A",NA,"Smith Mtn. Lake (Bull Run)","6i","IV","PWS, NEW-1","Roanoke River from Smith Mountain Dam (Gap of Smith Mountain) upstream to a point (at latitude 37deg15'53""; longitude 79deg54'00"" and its tributaries to points 5 miles above the 795.0 foot contour (normal pool elevation) of Smith Mountain Lake.","Roanoke","Yes",NA,NA,"Artificial Path",NA,"Yes",2290.72607154
"4ABST001.13","AWTSHD","STREAM","SCRO","Blue Ridge","STA 324 BL - RT. 15 BRIDGE KERR RESERVOI",2,"RL","AMBNT",36.66416667,-78.57194444,3,"South Atlantic-Gulf","Roanoke River Basin","MIDDLE ROANOKE",3010102,"Middle Roanoke","Goodell Creek-Bluestone Creek",30101020703,"Bluestone Creek-Goodell Creek","RU-V","RU93",NA,"4ABST001.13",NA,NA,NA,NA,NA,NA,NA,NA,NA,NA,NA,NA,NA,NA,NA,NA,NA,NA,NA,NA,NA,NA,NA,NA,NA,NA,NA,NA,NA,NA,NA,NA,NA,NA,NA,NA,NA,NA,NA,NA,NA,NA,NA,NA,NA,NA,NA,NA,"4ABST001.13","10 m",47116,"01463601","Bluestone Creek",558,55800,"4A",NA,"Bluestone Creek","1","III","PWS","Lake Gaston and the John Kerr Reservoir in Virginia and their tributaries in Virginia, unless otherwise designated in this chapter (not including the Roanoke or the Dan Rivers). The Roanoke River Service Authority's water supply intake is in this section","Roanoke","Yes",NA,NA,"Artificial Path",NA,NA,276.592167263
"4ABWR002.50","ATRND","RESERV","WCRO","Blue Ridge","SMITH MTN LK #7A-TOP #7B-MIDDLE #7C-BOTT",2,"RL","AMBNT",37.03888889,-79.61527778,3,"South Atlantic-Gulf","Roanoke River Basin","UPPER ROANOKE",3010101,"Upper Roanoke","Bull Run-Smith Mountain Lake",30101010603,"Blackwater River/Smith Mountain Lake-Bull Run","RU-F","RU26",NA,"4ABWR002.50",NA,NA,NA,NA,NA,NA,NA,NA,NA,NA,NA,NA,NA,NA,NA,NA,NA,NA,NA,NA,NA,NA,NA,NA,NA,NA,NA,NA,NA,NA,NA,NA,NA,NA,NA,NA,NA,NA,NA,NA,NA,NA,NA,NA,NA,NA,NA,NA,"4ABWR002.50","30 m",47171,"01463536","Blackwater River",558,55800,"4A",NA,"Smith Mtn. Lake (Blackwater River)","6i","IV","PWS, NEW-1","Roanoke River from Smith Mountain Dam (Gap of Smith Mountain) upstream to a point (at latitude 37deg15'53""; longitude 79deg54'00"" and its tributaries to points 5 miles above the 795.0 foot contour (normal pool elevation) of Smith Mountain Lake.","Roanoke","Yes",NA,NA,"Artificial Path",NA,"Yes",3325.73943326
"4ABWR010.55","ATRND","RESERV","WCRO","Blue Ridge","SMITH MTN LAKE-STA #22,BUOY 23 (FRANKLIN",2,"RL","AMBNT",37.04027778,-79.70277778,3,"South Atlantic-Gulf","Roanoke River Basin","UPPER ROANOKE",3010101,"Upper Roanoke","Standiford Creek-Smith Mountain Lake",30101010601,"Blackwater River-Smith Mountain Lake-Standiford Creek","RU-F","RU24",NA,"4ABWR010.55",NA,NA,NA,NA,NA,NA,NA,NA,NA,NA,NA,NA,NA,NA,NA,NA,NA,NA,NA,NA,NA,NA,NA,NA,NA,NA,NA,NA,NA,NA,NA,NA,NA,NA,NA,NA,NA,NA,NA,NA,NA,NA,NA,NA,NA,NA,NA,NA,"4ABWR010.55","60 m",47159,"01463536","Blackwater River",558,55800,"4A",NA,"Smith Mtn. Lake (Blackwater River)","6i","IV","PWS, NEW-1","Roanoke River from Smith Mountain Dam (Gap of Smith Mountain) upstream to a point (at latitude 37deg15'53""; longitude 79deg54'00"" and its tributaries to points 5 miles above the 795.0 foot contour (normal pool elevation) of Smith Mountain Lake.","Roanoke","Yes",NA,NA,"Artificial Path",NA,"Yes",732.354332169
"4ABWR017.42","ATRND","RESERV","WCRO","Blue Ridge","SMITH MTN LAKE-STA #21,BUOY 50 (FRANKLIN",2,"RL","AMBNT",37.06305556,-79.74444444,3,"South Atlantic-Gulf","Roanoke River Basin","UPPER ROANOKE",3010101,"Upper Roanoke","Standiford Creek-Smith Mountain Lake",30101010601,"Blackwater River-Smith Mountain Lake-Standiford Creek","RU-F","RU24",NA,"4ABWR017.42",NA,NA,NA,NA,NA,NA,NA,NA,NA,NA,NA,NA,NA,NA,NA,NA,NA,NA,NA,NA,NA,NA,NA,NA,NA,NA,NA,NA,NA,NA,NA,NA,NA,NA,NA,NA,NA,NA,NA,NA,NA,NA,NA,NA,NA,NA,NA,NA,"4ABWR017.42","20 m",47127,"01463536","Blackwater River",558,55800,"4A",NA,"Smith Mtn. Lake ( Blackwater River)","6i","IV","PWS, NEW-1","Roanoke River from Smith Mountain Dam (Gap of Smith Mountain) upstream to a point (at latitude 37deg15'53""; longitude 79deg54'00"" and its tributaries to points 5 miles above the 795.0 foot contour (normal pool elevation) of Smith Mountain Lake.","Roanoke","Yes",NA,NA,"Artificial Path",NA,"Yes",2794.18444484
"4ACCK001.80","AWTSHD","RESERV","WCRO","Blue Ridge","SMITH MOUNTAIN LAKE-1.8 MILES FROM MOUNT",2,"RL","AMBNT",37.06222222,-79.56777778,3,"South Atlantic-Gulf","Roanoke River Basin","UPPER ROANOKE",3010101,"Upper Roanoke","Craddock Creek-Smith Mountain Lake",30101010705,"Roanoke River/Smith Mountain Lake-Craddock Creek","RU-G","RU27",NA,"4ACCK001.80",NA,NA,NA,NA,NA,NA,NA,NA,NA,NA,NA,NA,NA,NA,NA,NA,NA,NA,NA,NA,NA,NA,NA,NA,NA,NA,NA,NA,NA,NA,NA,NA,NA,NA,NA,NA,NA,NA,NA,NA,NA,NA,NA,NA,NA,NA,NA,NA,NA,NA,NA,NA,NA,NA,NA,NA,NA,NA,NA,NA,NA,NA,NA,NA,NA,NA,NA,NA,NA,NA
"4ACOA000.60","ATRND","RESERV","WCRO","Blue Ridge","COOL BRANCH NEAR CONF. OF BLACKWATER RIV",2,"RL","AMBNT",37.02305556,-79.60222222,3,"South Atlantic-Gulf","Roanoke River Basin","UPPER ROANOKE",3010101,"Upper Roanoke","Bull Run-Smith Mountain Lake",30101010603,"Blackwater River/Smith Mountain Lake-Bull Run","RU-F","RU26",NA,"4ACOA000.60",NA,NA,NA,NA,NA,NA,NA,NA,NA,NA,NA,NA,NA,NA,NA,NA,NA,NA,NA,NA,NA,NA,NA,NA,NA,NA,NA,NA,NA,NA,NA,NA,NA,NA,NA,NA,NA,NA,NA,NA,NA,NA,NA,NA,NA,NA,NA,NA,"4ACOA000.60","30 m",47455,"01465199","Cool Branch",558,55800,"4A",NA,"Smith Mtn. Lake (Cool Branch)","6i","IV","PWS, NEW-1","Roanoke River from Smith Mountain Dam (Gap of Smith Mountain) upstream to a point (at latitude 37deg15'53""; longitude 79deg54'00"" and its tributaries to points 5 miles above the 795.0 foot contour (normal pool elevation) of Smith Mountain Lake.","Roanoke","Yes",NA,NA,"Artificial Path",NA,"Yes",1342.41398432
"4ADAN194.10","AWTSHD","RESERV","WCRO","Blue Ridge","STATION #3 - AT DAM - PATRICK COUNTY",2,"RL","AMBNT",36.67861111,-80.39777778,3,"South Atlantic-Gulf","Roanoke River Basin","UPPER DAN",3010103,"Upper Dan","Ivy Creek-Dan River",30101030101,"Dan River-Ivy Creek","RD-A","RD01",NA,"4ADAN194.10",NA,NA,NA,NA,NA,NA,NA,NA,NA,NA,NA,NA,NA,NA,NA,NA,NA,NA,NA,NA,NA,NA,NA,NA,NA,NA,NA,NA,NA,NA,NA,NA,NA,NA,NA,NA,NA,NA,NA,NA,NA,NA,NA,NA,NA,NA,NA,NA,"4ADAN194.10","20 m",47277,"01465581","Dan River",558,55800,"4A",NA,"Talbott Reservoir","3g","IV",NA,"Interstate streams in the Dan River watershed above the point where the Dan crosses the Virginia/North Carolina state line just east of Draper, North Carolina, (including the Mayo and the Smith watersheds), unless otherwise designated in this chapter.","Roanoke",NA,NA,NA,"Artificial Path",NA,NA,2995.17840591
"4AGIL002.39","AWTSHD","RESERV","WCRO","Blue Ridge","SMITH MT. LAKE STA #23,BUOY 11A (FRANKLI",2,"RL","AMBNT",37.06527778,-79.6875,3,"South Atlantic-Gulf","Roanoke River Basin","UPPER ROANOKE",3010101,"Upper Roanoke","Gills Creek",30101010602,"Gills Creek","RU-F","RU25",NA,"4AGIL002.39",NA,NA,NA,NA,NA,NA,NA,NA,NA,NA,NA,NA,NA,NA,NA,NA,NA,NA,NA,NA,NA,NA,NA,NA,NA,NA,NA,NA,NA,NA,NA,NA,NA,NA,NA,NA,NA,NA,NA,NA,NA,NA,NA,NA,NA,NA,NA,NA,"4AGIL002.39","50 m",47337,"01467100","Gills Creek",558,55800,"4A",NA,"Smith Mtn. Lake (Gills Creek)","6i","IV","PWS, NEW-1","Roanoke River from Smith Mountain Dam (Gap of Smith Mountain) upstream to a point (at latitude 37deg15'53""; longitude 79deg54'00"" and its tributaries to points 5 miles above the 795.0 foot contour (normal pool elevation) of Smith Mountain Lake.","Roanoke","Yes",NA,NA,"Artificial Path",NA,"Yes",2100.15763959
"4AGOB003.86","AWTSHD","RESERV","WCRO","Blue Ridge","FAIRY STONE LAKE STATION AT DAM - PATRIC",2,"RL","AMBNT",36.79916667,-80.10111111,3,"South Atlantic-Gulf","Roanoke River Basin","UPPER DAN",3010103,"Upper Dan","Philpott Reservoir-Smith River",30101030606,"Smith River/Philpott Reservoir","RD-D","RD20",NA,"4AGOB003.86",NA,NA,NA,NA,NA,NA,NA,NA,NA,NA,NA,NA,NA,NA,NA,NA,NA,NA,NA,NA,NA,NA,NA,NA,NA,NA,NA,NA,NA,NA,NA,NA,NA,NA,NA,NA,NA,NA,NA,NA,NA,NA,NA,NA,NA,NA,NA,NA,"4AGOB003.86","30 m",47309,NA,NA,558,55800,"4A",NA,"Fairystone Lake (Goblin Town Creek)","3e","IV",NA,"Philpott Reservoir, Fairystone Lake and their tributaries.","Roanoke",NA,NA,NA,"Artificial Path",NA,NA,1073.69785485
"4AJHN000.01","APROB","STREAM","WCRO","Blue Ridge","confluence of Johns Creek and LOtter Riv",2,"RB","AMBNT",37.3175,-79.46388889,3,"South Atlantic-Gulf","Roanoke River Basin","UPPER ROANOKE",3010101,"Upper Roanoke","Johns Creek-Little Otter River",30101011406,"Little Otter River-Johns Creek","RU-N","RU54",NA,"4AJHN000.01","VAW-L26R_JHN01A00",NA,NA,"S,B","BRRO","B","TM",NA,37.328611,-79.463888,"L26R","RU54",0,4,"S",0,4,"S",0,4,"S",2,3,"IM",NA,NA,NA,NA,NA,NA,NA,NA,NA,NA,NA,NA,NA,NA,NA,"IM",0,3,"S",0,0,NA,"2008/2010/2012/2014/2016 Cycle:  Little Otter River Bacteria TMDL Study is U.S. EPA approved on 02/02/2001.  Fed ID 1547 / 9486 / 19639 / 24557 / 24780.  SWCB approved 6/17/2004.  Bacteria Implementation Plan SWCB approved 3/27/2007.  Originally 303(d) Listed 1996 for FC.

E.coli impairment is nested within the overall TMDL Study and Bacteria Implementation Plan. Fed ID: 24557 Little Otter River.  There are no additional E.coli data beyond the 2014 IR where two (350 and 900 cfu/100 ml) of four E.coli samples exceed the 235 cfu/100 ml instantaneous criterion.  


Bio initial Listing 2002 based on RBP II surveys.

Bio 'IM' 2016- Bio- 'IM' four VSCI surveys (2011 - 2012) with an average score of 49.4. The benthic community was dominated by midges (Chironomidae) and net-spinning caddisflies (Hydropsychidae).  These organisms typically dominate streams that have high amounts of organic matter.  Two surveys had low taxa richness and diversity and all had low numbers of pollution-sensitive taxa such as mayflies and stoneflies.  

Outside Data Window:
Bio 'IM' 2014- Bio- 'IM' Six VSCI surveys (2008 - 2012) with an average score of 48.5. The benthic community was dominated by midges (Chironomidae) and net-spinning caddisflies (Hydropsychidae).  These organisms typically dominate streams that have high amounts of organic matter.  Two surveys had low taxa richness and diversity and all had low numbers of pollution-sensitive taxa such as mayflies and stoneflies.  

Bio 'IM'- 2010 and 2012 data windows.  A 2008 Probabilistic stressed site.  Additional sampling in support of TMDL development.  DO, Temp, pH, TN- NH3-N and water column metals/toxics- 'IN'.  Single observation of escherichia coli (E.coli) does not exceed the instantaneous criterion but is insufficient to assess. 
Three VSCI surveys (2006-2008) with an average score of 44.20.  No PEC Sediment exceedances from 2008 data; metals only. 

Benthic Overall 2006 Status:  'IM' 1 VSCI survey (2006) scoring 40.7.  Listing based on previous RBP II surveys:  Bio- 'MI'; moderately impaired.  The 2004 IR reports two spring RBP II surveys scoring 73.68 (1999) and 35.00 (2000).  BPJ used in spring 1999 because the number of total taxa and total individuals were low, and pollution tolerant taxa were dominant.
BOR FC TMDL Study - Surface observations; FC stirred Bottom observations 2/2-W. Bacteria TMDL Study APPROVED 02/02/01.",NA,NA,NA,NA,NA,NA,NA,NA,NA,NA,NA,NA,NA,NA,NA,NA,NA,NA,NA,NA,NA,NA,NA
"4AMES007.54","AWTSHD","RESERV","SCRO","Blue Ridge","STATION 1 -LAKE GORDON (PORTION OF MILES",2,"RL","AMBNT",36.69,-78.21638889,3,"South Atlantic-Gulf","Roanoke River Basin","ROANOKE RAPIDS",3010106,"Roanoke Rapids","Dockery Creek-Miles Creek",30101060202,"Miles Creek-Dockery Creek","RL-E","RL13",NA,"4AMES007.54",NA,NA,NA,NA,NA,NA,NA,NA,NA,NA,NA,NA,NA,NA,NA,NA,NA,NA,NA,NA,NA,NA,NA,NA,NA,NA,NA,NA,NA,NA,NA,NA,NA,NA,NA,NA,NA,NA,NA,NA,NA,NA,NA,NA,NA,NA,NA,NA,"4AMES007.54","20 m",47302,"01470460","Miles Creek",558,55800,"4A",NA,"Lake Gordon","1","III","PWS","Lake Gaston and the John Kerr Reservoir in Virginia and their tributaries in Virginia, unless otherwise designated in this chapter (not including the Roanoke or the Dan Rivers). The Roanoke River Service Authority's water supply intake is in this section","Roanoke","Yes",NA,NA,"Artificial Path",NA,NA,418.418640404
"4AMSN000.53","BIOMON","STREAM","WCRO","Blue Ridge","AT ARNOLD BURTON TECHNICAL SCHOOL",2,"RB","AMBNT",37.2746,-80.03,3,"South Atlantic-Gulf","Roanoke River Basin","UPPER ROANOKE",3010101,"Upper Roanoke","Mason Creek",30101010302,"Mason Creek","RU-C","RU10",NA,"4AMSN000.53","VAW-L04R_MSN01A00",NA,NA,"S,B","BRRO","B","TM",NA,37.274625,-80.029381,"L04R","RU10",0,2,"S",0,2,"S",0,2,"S",0,0,NA,NA,NA,NA,NA,NA,NA,NA,NA,NA,NA,NA,NA,NA,NA,NA,"IM",0,0,NA,0,0,NA,"2016 & 2018 Cycles:  Roanoke R. General Standard - Benthic (Sediment) TMDL Study US EPA approved 5/10/2006. FED ID: 33861.  SWCB approved 9/07/2006.  Mason Creek NESTED within TMDL watershed; nesting occurs with the 2014 IR.  Roanoke R. PCB TMDL Study US EPA approved 4/9/2010.  Fed ID: 38522.  SWCB approved 12/9/2010.  

Bio 'IM' Two 2013 VSCI surveys with an average score of 44.4.  The benthic community is dominated by pollution tolerant organisms, particularly Chironomidae (midges) in the spring and Hydropsychidae (net-spinning caddisfly) in the fall.  The watershed is in an urban setting with industrial, commercial and residential land uses.  Most of the habitat scores are in the optimal and sub-optimal range indicating that potential water quality problems are related to water chemistry rather than habitat limitations. 

Outside Data Window:  

2010 Assessment Bio 'IM' Three VSCI surveys (2004-2005) with an average score of 37.6.

Two VSCI surveys (2005) 'IM' scoring 37.1 Spring and 37.8 Fall.  This station surveyed at the request of citizen monitors (SOS).  The benthic community is dominated by pollution tolerant organisms.  Most of the habitat scores are in the optimal and sub-optimal range indicating that potential water quality problems are related to water chemistry rather than habitat limitations.  In April 2005, a fish kill occurred in the lower reaches of Mason Creek including this station.  The cause was an illegal discharge of chemicals used in manufacturing floor and drain cleaners.  

Supplemental Information:
4AMSN003.05- Bio 'IM' There are no additional data beyond the 2008 IR where three VSCI surveys (2004 - 2005) average score is 55.4.  The average VSCI score indicates the benthic community is impaired.  Most of the habitat scores are in the optimal and sub-optimal range indicating that potential water quality problems are related to water chemistry rather than habitat limitations. The 2010 IR reports Bio 'IM' Three VSCI surveys (2004 - 2005) average score is 55.4.",NA,NA,NA,NA,NA,NA,NA,NA,NA,NA,NA,NA,NA,NA,NA,NA,NA,NA,NA,NA,NA,NA,NA
"4ANMR002.60","AWTSHD","STREAM","WCRO","Blue Ridge","NORTH MAYO AT GAGE NEAR SPENCER RT. 629",2,"AW","AMBNT",36.56805556,-79.9875,3,"South Atlantic-Gulf","Roanoke River Basin","UPPER DAN",3010103,"Upper Dan","Koger Creek-North Mayo River",30101030407,"North Mayo River-Koger Creek","RD-B","RD12",NA,"4ANMR002.60","VAW-L46R_NMR01A00","VAW-L46R_NMR02A00","VAW-L46R_NMR03A00","S,B","BRRO","A","C",NA,36.568056,-79.986111,"L46R","RD12",0,36,"S",0,36,"S",0,36,"S",20,36,"IM",NA,NA,NA,NA,NA,NA,NA,NA,NA,NA,NA,NA,NA,NA,NA,NA,1,36,"S",0,0,NA,"2016 Cycle:  Dan River Bacteria TMDL U.S. EPA approved 12/08/2008.  Fed ID: 35754.  SWCB approved 4/28/2009.  Trend site.
4ANMR002.60 is a 1999 Federal Consent Decree Attachment B station for FC.  The station is not 303(d) Listed in 2002 as only one exceedance of the former 1000 cfu/100 ml instantaneous criterion is found from 21 samples.  Originally 303(d) Listed 2004 for FC.
2004 Bacteria Listed 3 / 25 - 'IM'. 2007 fish tissue finds no excursions of new WQS PCB 20 ppb TV and no metals excursions; no sediment collection made.

Outside Data Window:   2002 fish tissue no exceedances; sediment no PEC exceedances. If new PCB 20 ppb WQS criterion applied to 2002 fish tissue data 1 sp. Rainbow trout (2 fish; 30.1-40 cm) exceeds at 31.48 ppb. 
1999 fish tissue analysis finds arsenic (As) equaling the TSV of 0.072 ppm in sucker species at 0.72 ppm. 
1999 and 2000 sediment no excursions of the PEC SVs.
2008 IR- Total measurements 25.  Daily Mean Flow; 02070000 North Mayo R. - Spencer <7Q10 of 23 cfs @ gage on 6/19/02 (15 cfs) and 8/06/02 (10 cfs).  Two Fully Supporting field measurement sets excluded from the dataset.",NA,NA,NA,NA,NA,NA,NA,NA,NA,NA,NA,NA,NA,NA,NA,NA,NA,NA,NA,NA,NA,NA,NA
"4AROA000.00","AWTSHD","RESERV","PRO","Blue Ridge","LAKE GASTON, STA. #5 STATE LINE MECKLENB",2,"RL","AMBNT",36.55055556,-78.04972222,3,"South Atlantic-Gulf","Roanoke River Basin","ROANOKE RAPIDS",3010106,"Roanoke Rapids","Great Creek-Lake Gaston",30101060302,"Roanoke River/Lake Gaston-Great Creek","RL-F","RL18",NA,"4AROA000.00",NA,NA,NA,NA,NA,NA,NA,NA,NA,NA,NA,NA,NA,NA,NA,NA,NA,NA,NA,NA,NA,NA,NA,NA,NA,NA,NA,NA,NA,NA,NA,NA,NA,NA,NA,NA,NA,NA,NA,NA,NA,NA,NA,NA,NA,NA,NA,NA,NA,NA,NA,NA,NA,NA,NA,NA,NA,NA,NA,NA,NA,NA,NA,NA,NA,NA,NA,NA,NA,NA
"4AROA004.54","AWTSHD","RESERV","PRO","Blue Ridge","LAKE GASTON, OFF POINT (MECKLENBURG COUN",2,"RL","AMBNT",36.54972222,-78.1175,3,"South Atlantic-Gulf","Roanoke River Basin","ROANOKE RAPIDS",3010106,"Roanoke Rapids","Great Creek-Lake Gaston",30101060302,"Roanoke River/Lake Gaston-Great Creek","RL-F","RL18",NA,"4AROA004.54",NA,NA,NA,NA,NA,NA,NA,NA,NA,NA,NA,NA,NA,NA,NA,NA,NA,NA,NA,NA,NA,NA,NA,NA,NA,NA,NA,NA,NA,NA,NA,NA,NA,NA,NA,NA,NA,NA,NA,NA,NA,NA,NA,NA,NA,NA,NA,NA,NA,NA,NA,NA,NA,NA,NA,NA,NA,NA,NA,NA,NA,NA,NA,NA,NA,NA,NA,NA,NA,NA
"4AROA008.66","AWTSHD","RESERV","SCRO","Blue Ridge","LAKE GASTON, STA. 3 - RT. 85 BRIDGE",2,"RL","AMBNT",36.58833333,-78.16277778,3,"South Atlantic-Gulf","Roanoke River Basin","ROANOKE RAPIDS",3010106,"Roanoke Rapids","Flat Creek-Lake Gaston",30101060203,"Lake Gaston-Flat Creek","RL-E","RL14",NA,"4AROA008.66",NA,NA,NA,NA,NA,NA,NA,NA,NA,NA,NA,NA,NA,NA,NA,NA,NA,NA,NA,NA,NA,NA,NA,NA,NA,NA,NA,NA,NA,NA,NA,NA,NA,NA,NA,NA,NA,NA,NA,NA,NA,NA,NA,NA,NA,NA,NA,NA,NA,NA,NA,NA,NA,NA,NA,NA,NA,NA,NA,NA,NA,NA,NA,NA,NA,NA,NA,NA,NA,NA
"4AROA018.04","ATRND","STREAM",NA,"Blue Ridge","DS OF KERR DAM @ BOAT RAMP (old gauge)",2,"TR","AMBNT",36.60321111,-78.29756944,3,"South Atlantic-Gulf","Roanoke River Basin","ROANOKE RAPIDS",3010106,"Roanoke Rapids","Cotton Creek-Lake Gaston",30101060201,"Lake Gaston-Cotton Creek","RL-E","RL12",NA,"4AROA018.04",NA,NA,NA,NA,"BRRO","TR",NA,NA,36.6032111,-78.2975694,NA,NA,NA,NA,NA,NA,NA,NA,NA,NA,NA,NA,NA,NA,NA,NA,NA,NA,NA,NA,NA,NA,NA,NA,NA,NA,NA,NA,NA,NA,NA,NA,NA,NA,NA,NA,NA,NA,NA,NA,NA,NA,NA,NA,NA,NA,NA,NA,NA,NA,NA,NA,NA,NA,NA,NA,NA,NA,NA,NA
"4AROA018.36","AWTSHD","RESERV","SCRO","Blue Ridge","BUOY 1 - JOHN H. KERR RESERVOIR",2,"RL","AMBNT",36.59416667,-78.30111111,3,"South Atlantic-Gulf","Roanoke River Basin","MIDDLE ROANOKE",3010102,"Middle Roanoke","Eastland Creek-John H Kerr Reservoir",30101021004,"Roanoke River/John H Kerr Reservoir-Eastland Creek","RL-C","RL09",NA,"4AROA018.36",NA,NA,NA,NA,NA,NA,NA,NA,NA,NA,NA,NA,NA,NA,NA,NA,NA,NA,NA,NA,NA,NA,NA,NA,NA,NA,NA,NA,NA,NA,NA,NA,NA,NA,NA,NA,NA,NA,NA,NA,NA,NA,NA,NA,NA,NA,NA,NA,"4AROA018.36","70 m",46969,"01502110","Roanoke River",558,55800,"4A",NA,"Kerr Reservoir","1","III","PWS","Lake Gaston and the John Kerr Reservoir in Virginia and their tributaries in Virginia, unless otherwise designated in this chapter (not including the Roanoke or the Dan Rivers). The Roanoke River Service Authority's water supply intake is in this section","Roanoke","Yes",NA,NA,"Artificial Path",NA,NA,2630.23467112
"4AROA022.52","AWTSHD","RESERV","SCRO","Blue Ridge","STA B-4, BUOY 4 - KERR RESERVOIR-MECKLEN",2,"RL","AMBNT",36.56916667,-78.34555556,3,"South Atlantic-Gulf","Roanoke River Basin","MIDDLE ROANOKE",3010102,"Middle Roanoke","Eastland Creek-John H Kerr Reservoir",30101021004,"Roanoke River/John H Kerr Reservoir-Eastland Creek","RL-C","RL09",NA,"4AROA022.52",NA,NA,NA,NA,NA,NA,NA,NA,NA,NA,NA,NA,NA,NA,NA,NA,NA,NA,NA,NA,NA,NA,NA,NA,NA,NA,NA,NA,NA,NA,NA,NA,NA,NA,NA,NA,NA,NA,NA,NA,NA,NA,NA,NA,NA,NA,NA,NA,NA,NA,NA,NA,NA,NA,NA,NA,NA,NA,NA,NA,NA,NA,NA,NA,NA,NA,NA,NA,NA,NA
"4AROA028.04","AWTSHD","RESERV","SCRO","Blue Ridge","STA #B-9 KERR RESERVOIR - BUOY 9 MECKLEN",2,"RL","AMBNT",36.59361111,-78.42611111,3,"South Atlantic-Gulf","Roanoke River Basin","MIDDLE ROANOKE",3010102,"Middle Roanoke","Eastland Creek-John H Kerr Reservoir",30101021004,"Roanoke River/John H Kerr Reservoir-Eastland Creek","RL-C","RL09",NA,"4AROA028.04",NA,NA,NA,NA,NA,NA,NA,NA,NA,NA,NA,NA,NA,NA,NA,NA,NA,NA,NA,NA,NA,NA,NA,NA,NA,NA,NA,NA,NA,NA,NA,NA,NA,NA,NA,NA,NA,NA,NA,NA,NA,NA,NA,NA,NA,NA,NA,NA,NA,NA,NA,NA,NA,NA,NA,NA,NA,NA,NA,NA,NA,NA,NA,NA,NA,NA,NA,NA,NA,NA
"4AROA032.42","AWTSHD","RESERV","SCRO","Blue Ridge","STA #B-14 - BUOY 14 KERR RESERVOIR MECKL",2,"RL","AMBNT",36.57666667,-78.48611111,3,"South Atlantic-Gulf","Roanoke River Basin","MIDDLE ROANOKE",3010102,"Middle Roanoke","Panhandle Creek-John H Kerr Reservoir",30101020903,"Roanoke River/John H Kerr Reservoir-Panhandle Creek","RL-B","RL06",NA,"4AROA032.42",NA,NA,NA,NA,NA,NA,NA,NA,NA,NA,NA,NA,NA,NA,NA,NA,NA,NA,NA,NA,NA,NA,NA,NA,NA,NA,NA,NA,NA,NA,NA,NA,NA,NA,NA,NA,NA,NA,NA,NA,NA,NA,NA,NA,NA,NA,NA,NA,"4AROA032.42","30 m",46990,"01502110","Roanoke River",558,55800,"4A",NA,"Kerr Reservoir","1","III","PWS","Lake Gaston and the John Kerr Reservoir in Virginia and their tributaries in Virginia, unless otherwise designated in this chapter (not including the Roanoke or the Dan Rivers). The Roanoke River Service Authority's water supply intake is in this section","Roanoke","Yes",NA,NA,"Artificial Path",NA,NA,7970.57044209
"4AROA038.49","AWTSHD","RESERV","SCRO","Blue Ridge","STA # 20 KR - RT. 49/58/15 BRIDGE - KERR",2,"RL","AMBNT",36.63025,-78.54944445,3,"South Atlantic-Gulf","Roanoke River Basin","MIDDLE ROANOKE",3010102,"Middle Roanoke","Sandy Creek-John H Kerr Reservoir",30101020704,"Roanoke River/John H Kerr Reservoir-Sandy Creek","RU-V","RU94",NA,"4AROA038.49",NA,NA,NA,NA,NA,NA,NA,NA,NA,NA,NA,NA,NA,NA,NA,NA,NA,NA,NA,NA,NA,NA,NA,NA,NA,NA,NA,NA,NA,NA,NA,NA,NA,NA,NA,NA,NA,NA,NA,NA,NA,NA,NA,NA,NA,NA,NA,NA,"4AROA038.49","70 m",47000,"01502110","Roanoke River",558,55800,"4A",NA,"Kerr Reservoir","1","III","PWS","Lake Gaston and the John Kerr Reservoir in Virginia and their tributaries in Virginia, unless otherwise designated in this chapter (not including the Roanoke or the Dan Rivers). The Roanoke River Service Authority's water supply intake is in this section","Roanoke","Yes",NA,NA,"Artificial Path",NA,NA,1918.3958383
"4AROA043.14","AWTSHD","RESERV","SCRO","Blue Ridge","STA #B-24 - BUOY 24 KERR RESERVOIR MECKL",2,"RL","AMBNT",36.66694444,-78.61416667,3,"South Atlantic-Gulf","Roanoke River Basin","MIDDLE ROANOKE",3010102,"Middle Roanoke","Sandy Creek-John H Kerr Reservoir",30101020704,"Roanoke River/John H Kerr Reservoir-Sandy Creek","RU-V","RU94",NA,"4AROA043.14",NA,NA,NA,NA,NA,NA,NA,NA,NA,NA,NA,NA,NA,NA,NA,NA,NA,NA,NA,NA,NA,NA,NA,NA,NA,NA,NA,NA,NA,NA,NA,NA,NA,NA,NA,NA,NA,NA,NA,NA,NA,NA,NA,NA,NA,NA,NA,NA,"4AROA043.14","30 m",47016,"01502110","Roanoke River",558,55800,"4A",NA,"Kerr Reservoir","1","III","PWS","Lake Gaston and the John Kerr Reservoir in Virginia and their tributaries in Virginia, unless otherwise designated in this chapter (not including the Roanoke or the Dan Rivers). The Roanoke River Service Authority's water supply intake is in this section","Roanoke","Yes",NA,NA,"Artificial Path",NA,NA,670.793934581
"4AROA140.66","AWTSHD","RESERV","SCRO","Blue Ridge","LEESVILLE  LK #1A-TOP #1B-MIDDLE #1C-BOT",2,"RL","AMBNT",37.09166667,-79.40416667,3,"South Atlantic-Gulf","Roanoke River Basin","UPPER ROANOKE",3010101,"Upper Roanoke","Old Womans Creek-Leesville Lake",30101011302,"Roanoke River/Leesville Lake-Old Womans Creek","RU-M","RU38",NA,"4AROA140.66",NA,NA,NA,NA,NA,NA,NA,NA,NA,NA,NA,NA,NA,NA,NA,NA,NA,NA,NA,NA,NA,NA,NA,NA,NA,NA,NA,NA,NA,NA,NA,NA,NA,NA,NA,NA,NA,NA,NA,NA,NA,NA,NA,NA,NA,NA,NA,NA,"4AROA140.66","30 m",47022,"01502110","Roanoke River",558,55800,"4A",NA,"Leesville Lake","6h","IV","PWS","Roanoke River from Leesville Dam to Smith Mountain Dam (Gap of Smith Mountain), excluding all tributaries to Leesville Lake.","Roanoke","Yes",NA,NA,"Artificial Path",NA,NA,945.967233197
"4AROA145.34","AWTSHD","RESERV","SCRO","Blue Ridge","LEESVILLE LK #2A-RMP BEDFORD/CAMPBELL CO",2,"RL","AMBNT",37.05638889,-79.44638889,3,"South Atlantic-Gulf","Roanoke River Basin","UPPER ROANOKE",3010101,"Upper Roanoke","Old Womans Creek-Leesville Lake",30101011302,"Roanoke River/Leesville Lake-Old Womans Creek","RU-M","RU38",NA,"4AROA145.34",NA,NA,NA,NA,NA,NA,NA,NA,NA,NA,NA,NA,NA,NA,NA,NA,NA,NA,NA,NA,NA,NA,NA,NA,NA,NA,NA,NA,NA,NA,NA,NA,NA,NA,NA,NA,NA,NA,NA,NA,NA,NA,NA,NA,NA,NA,NA,NA,"4AROA145.34","10 m",47055,"01502110","Roanoke River",558,55800,"4A",NA,"Leesville Lake Middle (Roanoke R.)","6h","IV","PWS","Roanoke River from Leesville Dam to Smith Mountain Dam (Gap of Smith Mountain), excluding all tributaries to Leesville Lake.","Roanoke","Yes",NA,NA,"Artificial Path",NA,NA,738.672007745
"4AROA153.59","AWTSHD","RESERV","SCRO","Blue Ridge","LEESVILLE LAKE #3A-TOP-CONFLUENCE W/ PIG",2,"RL","AMBNT",37.00972222,-79.47666667,3,"South Atlantic-Gulf","Roanoke River Basin","UPPER ROANOKE",3010101,"Upper Roanoke","Old Womans Creek-Leesville Lake",30101011302,"Roanoke River/Leesville Lake-Old Womans Creek","RU-M","RU38",NA,"4AROA153.59",NA,NA,NA,NA,NA,NA,NA,NA,NA,NA,NA,NA,NA,NA,NA,NA,NA,NA,NA,NA,NA,NA,NA,NA,NA,NA,NA,NA,NA,NA,NA,NA,NA,NA,NA,NA,NA,NA,NA,NA,NA,NA,NA,NA,NA,NA,NA,NA,"4AROA153.59","20 m",47080,"01502110","Roanoke River",558,55800,"4A",NA,"Leesville Lake Middle (Roanoke R.)","6h","IV","PWS","Roanoke River from Leesville Dam to Smith Mountain Dam (Gap of Smith Mountain), excluding all tributaries to Leesville Lake.","Roanoke","Yes",NA,NA,"Artificial Path",NA,NA,673.746461784
"4AROA158.22","ATRND","RESERV","WCRO","Blue Ridge","SMITH MTN LK #5A-TOP DAM #5B-MID DAM #5C",2,"RL","AMBNT",37.04166667,-79.53611111,3,"South Atlantic-Gulf","Roanoke River Basin","UPPER ROANOKE",3010101,"Upper Roanoke","Craddock Creek-Smith Mountain Lake",30101010705,"Roanoke River/Smith Mountain Lake-Craddock Creek","RU-G","RU27",NA,"4AROA158.22",NA,NA,NA,NA,NA,NA,NA,NA,NA,NA,NA,NA,NA,NA,NA,NA,NA,NA,NA,NA,NA,NA,NA,NA,NA,NA,NA,NA,NA,NA,NA,NA,NA,NA,NA,NA,NA,NA,NA,NA,NA,NA,NA,NA,NA,NA,NA,NA,"4AROA158.22","10 m",47071,"01502110","Roanoke River",558,55800,"4A",NA,"Smith Mtn. Lake (Roanoke River)","6i","IV","PWS, NEW-1","Roanoke River from Smith Mountain Dam (Gap of Smith Mountain) upstream to a point (at latitude 37deg15'53""; longitude 79deg54'00"" and its tributaries to points 5 miles above the 795.0 foot contour (normal pool elevation) of Smith Mountain Lake.","Roanoke","Yes",NA,NA,"Artificial Path",NA,"Yes",502.719325071
"4AROA163.76","ATRND","RESERV","WCRO","Blue Ridge","SMITH MTN LK 6A-TOP,6B-MID,6C-BOT CONF B",2,"RL","AMBNT",37.04166667,-79.58333333,3,"South Atlantic-Gulf","Roanoke River Basin","UPPER ROANOKE",3010101,"Upper Roanoke","Craddock Creek-Smith Mountain Lake",30101010705,"Roanoke River/Smith Mountain Lake-Craddock Creek","RU-G","RU27",NA,"4AROA163.76",NA,NA,NA,NA,NA,NA,NA,NA,NA,NA,NA,NA,NA,NA,NA,NA,NA,NA,NA,NA,NA,NA,NA,NA,NA,NA,NA,NA,NA,NA,NA,NA,NA,NA,NA,NA,NA,NA,NA,NA,NA,NA,NA,NA,NA,NA,NA,NA,"4AROA163.76","50 m",47069,"01502110","Roanoke River",558,55800,"4A",NA,"Smith Mtn. Lake (Roanoke River)","6i","IV","PWS, NEW-1","Roanoke River from Smith Mountain Dam (Gap of Smith Mountain) upstream to a point (at latitude 37deg15'53""; longitude 79deg54'00"" and its tributaries to points 5 miles above the 795.0 foot contour (normal pool elevation) of Smith Mountain Lake.","Roanoke","Yes",NA,NA,"Artificial Path",NA,"Yes",1839.2674387
"4AROA167.34","ATRND","RESERV","WCRO","Blue Ridge","BUOY 12",2,"RL","AMBNT",37.06805556,-79.60555556,3,"South Atlantic-Gulf","Roanoke River Basin","UPPER ROANOKE",3010101,"Upper Roanoke","Bettys Creek-Smith Mountain Lake",30101010704,"Roanoke River/Smith Mountain Lake-Bettys Creek","RU-G","RU19",NA,"4AROA167.34",NA,NA,NA,NA,NA,NA,NA,NA,NA,NA,NA,NA,NA,NA,NA,NA,NA,NA,NA,NA,NA,NA,NA,NA,NA,NA,NA,NA,NA,NA,NA,NA,NA,NA,NA,NA,NA,NA,NA,NA,NA,NA,NA,NA,NA,NA,NA,NA,NA,NA,NA,NA,NA,NA,NA,NA,NA,NA,NA,NA,NA,NA,NA,NA,NA,NA,NA,NA,NA,NA
"4AROA175.63","ATRND","RESERV","WCRO","Blue Ridge","SMITH MTN. LAKE, HALES FORD",2,"RL","AMBNT",37.14555556,-79.66694444,3,"South Atlantic-Gulf","Roanoke River Basin","UPPER ROANOKE",3010101,"Upper Roanoke","Stony Creek-Smith Mountain Lake",30101010703,"Roanoke River/Smith Mountain Lake-Stony Creek","RU-G","RU18",NA,"4AROA175.63",NA,NA,NA,NA,NA,NA,NA,NA,NA,NA,NA,NA,NA,NA,NA,NA,NA,NA,NA,NA,NA,NA,NA,NA,NA,NA,NA,NA,NA,NA,NA,NA,NA,NA,NA,NA,NA,NA,NA,NA,NA,NA,NA,NA,NA,NA,NA,NA,"4AROA175.63","50 m",47191,"01502110","Roanoke River",558,55800,"4A",NA,"Smith Mtn. Lake (Roanoke River)","6i","IV","PWS, NEW-1","Roanoke River from Smith Mountain Dam (Gap of Smith Mountain) upstream to a point (at latitude 37deg15'53""; longitude 79deg54'00"" and its tributaries to points 5 miles above the 795.0 foot contour (normal pool elevation) of Smith Mountain Lake.","Roanoke","Yes",NA,NA,"Artificial Path",NA,"Yes",662.963966829
"4AROA180.21","ATRND","RESERV","WCRO","Blue Ridge","STATION 12 CONFLUENCE WITH INDIAN CRK",2,"RL","AMBNT",37.14861111,-79.70222222,3,"South Atlantic-Gulf","Roanoke River Basin","UPPER ROANOKE",3010101,"Upper Roanoke","Stony Creek-Smith Mountain Lake",30101010703,"Roanoke River/Smith Mountain Lake-Stony Creek","RU-G","RU18",NA,"4AROA180.21",NA,NA,NA,NA,NA,NA,NA,NA,NA,NA,NA,NA,NA,NA,NA,NA,NA,NA,NA,NA,NA,NA,NA,NA,NA,NA,NA,NA,NA,NA,NA,NA,NA,NA,NA,NA,NA,NA,NA,NA,NA,NA,NA,NA,NA,NA,NA,NA,NA,NA,NA,NA,NA,NA,NA,NA,NA,NA,NA,NA,NA,NA,NA,NA,NA,NA,NA,NA,NA,NA
"4AROA183.64","ATRND","RESERV","WCRO","Blue Ridge","SMITH MTN LK 3A-TOP,3B-MID,3C-BOT CONF B",2,"RL","AMBNT",37.19111111,-79.72083333,3,"South Atlantic-Gulf","Roanoke River Basin","UPPER ROANOKE",3010101,"Upper Roanoke","Stony Creek-Smith Mountain Lake",30101010703,"Roanoke River/Smith Mountain Lake-Stony Creek","RU-G","RU18",NA,"4AROA183.64",NA,NA,NA,NA,NA,NA,NA,NA,NA,NA,NA,NA,NA,NA,NA,NA,NA,NA,NA,NA,NA,NA,NA,NA,NA,NA,NA,NA,NA,NA,NA,NA,NA,NA,NA,NA,NA,NA,NA,NA,NA,NA,NA,NA,NA,NA,NA,NA,"4AROA183.64","30 m",47178,"01502110","Roanoke River",558,55800,"4A",NA,"Smith Mtn. Lake (Roanoke River)","6i","IV","PWS, NEW-1","Roanoke River from Smith Mountain Dam (Gap of Smith Mountain) upstream to a point (at latitude 37deg15'53""; longitude 79deg54'00"" and its tributaries to points 5 miles above the 795.0 foot contour (normal pool elevation) of Smith Mountain Lake.","Roanoke","Yes",NA,NA,"Artificial Path",NA,"Yes",1452.54211129
"4AROA192.55","ATRND","RESERV","WCRO","Blue Ridge","SMITH MTN. LAKE, HARDYS FORD",2,"TR","AMBNT",37.22,-79.79888889,3,"South Atlantic-Gulf","Roanoke River Basin","UPPER ROANOKE",3010101,"Upper Roanoke","Lynville Creek-Smith Mountain Lake",30101010701,"Roanoke River/Smith Mountain Lake-Lynville Creek","RU-G","RU16",NA,"4AROA192.55",NA,NA,NA,NA,NA,NA,NA,NA,NA,NA,NA,NA,NA,NA,NA,NA,NA,NA,NA,NA,NA,NA,NA,NA,NA,NA,NA,NA,NA,NA,NA,NA,NA,NA,NA,NA,NA,NA,NA,NA,NA,NA,NA,NA,NA,NA,NA,NA,"4AROA192.55","40 m",47161,"01502110","Roanoke River",558,55800,"4A",NA,"Smith Mtn. Lake (Roanoke River)","6i","IV","PWS, NEW-1","Roanoke River from Smith Mountain Dam (Gap of Smith Mountain) upstream to a point (at latitude 37deg15'53""; longitude 79deg54'00"" and its tributaries to points 5 miles above the 795.0 foot contour (normal pool elevation) of Smith Mountain Lake.","Roanoke","Yes",NA,NA,"Artificial Path",NA,"Yes",475.692824623
"4AROA192.94","ATRND","RESERV","WCRO","Blue Ridge","SMITH MTN LAKE #2A-TOP-HARDYS FORD #2C-B",2,"RL","AMBNT",37.21583333,-79.80333333,3,"South Atlantic-Gulf","Roanoke River Basin","UPPER ROANOKE",3010101,"Upper Roanoke","Lynville Creek-Smith Mountain Lake",30101010701,"Roanoke River/Smith Mountain Lake-Lynville Creek","RU-G","RU16",NA,"4AROA192.94",NA,NA,NA,NA,NA,NA,NA,NA,NA,NA,NA,NA,NA,NA,NA,NA,NA,NA,NA,NA,NA,NA,NA,NA,NA,NA,NA,NA,NA,NA,NA,NA,NA,NA,NA,NA,NA,NA,NA,NA,NA,NA,NA,NA,NA,NA,NA,NA,"4AROA192.94","30 m",47157,"01502110","Roanoke River",558,55800,"4A",NA,"Smith Mtn. Lake (Roanoke River)","6i","IV","PWS, NEW-1","Roanoke River from Smith Mountain Dam (Gap of Smith Mountain) upstream to a point (at latitude 37deg15'53""; longitude 79deg54'00"" and its tributaries to points 5 miles above the 795.0 foot contour (normal pool elevation) of Smith Mountain Lake.","Roanoke","Yes",NA,NA,"Artificial Path",NA,"Yes",626.251913472
"4ARSF000.88","AWTSHD","STREAM","WCRO","Blue Ridge","RT. 460/11 BRIDGE BELOW GREEN HILL, INC.",2,"AW","AMBNT",37.2275,-80.20361111,3,"South Atlantic-Gulf","Roanoke River Basin","UPPER ROANOKE",3010101,"Upper Roanoke","Brake Branch-South Fork Roanoke River",30101010105,"South Fork Roanoke River-Brake Branch","RU-A","RU05",NA,"4ARSF000.88","VAW-L01R_RSF02A00","VAW-L01R_RSF01A00",NA,"S","BRRO","CMON",NA,NA,37.227222,-80.208889,"L01R","RU05",2,12,"IM",0,12,"S",0,12,"S",2,12,"IM",NA,NA,NA,NA,NA,NA,NA,NA,NA,NA,NA,NA,NA,NA,NA,NA,0,12,"S",0,0,NA,"2016 Cycle:  Roanoke R. Bacteria TMDL U.S. EPA approved 8/02/2006. Fed ID 24538.  SWCB approved 6/27/2007. NESTED 2008:  Fed ID: 24538, EPA approved 8/02/2006.   
The 2016 IR finds 2/12 E.coli samples in excess of the 235 cfu/100 ml criterion.  And 2/12 temperature exceedances from calendar 2014 data collections. These are the first new E.coli data resulting in continued Recreational Use impairment for the AU.
Outside Data Window:
This AU (VAW-L01R_RSF01A00) initially listed in 2004 for fecal coliform 3/18 exceedances at 4ARSF002.20.  Station 4ARSF000.88 E.coli data for 2012, 2010 and 2008 IRs find one of nine escherichia coli (E.coli) bacteria samples exceeds the 235 cfu/100 ml criterion at 300.  4ARSF000.88 data were insufficient to assess as impaired for E.coli for these cycles.  There were no additional data within the 2014 data window.",NA,NA,NA,NA,NA,NA,NA,NA,NA,NA,NA,NA,NA,NA,NA,NA,NA,NA,NA,NA,NA,NA,NA
"4ARUT002.04","BIOMON","STREAM","SCRO","Blue Ridge","Rutledge Cr @ Elizabeth St, Danville",2,"RB","AMBNT",36.55733333,-79.41636111,3,"South Atlantic-Gulf","Roanoke River Basin","LOWER DAN",3010104,"Lower Dan","Pumpkin Creek-Dan River",30101040102,"Dan River-Pumpkin Creek","RD-I","RD39",NA,"4ARUT002.04","VAW-L60R_RUT01A12",NA,NA,"S","BRRO","B",NA,NA,36.55733333,-79.41636111,"L60R","RD39",0,1,"IN",0,1,"IN",0,1,"IN",0,0,NA,NA,NA,NA,NA,NA,NA,NA,NA,NA,NA,NA,NA,NA,NA,NA,"IM",0,0,NA,0,0,NA,NA,NA,NA,NA,NA,NA,NA,NA,NA,NA,NA,NA,NA,NA,NA,NA,NA,NA,NA,NA,NA,NA,NA,NA
"4ASRE048.98","AWTSHD","RESERV","WCRO","Blue Ridge","#2A,#2B,#2C GOOSE POINT - TOP, MIDDLE, B",2,"RL","AMBNT",36.803814,-80.04721,3,"South Atlantic-Gulf","Roanoke River Basin","UPPER DAN",3010103,"Upper Dan","Philpott Reservoir-Smith River",30101030606,"Smith River/Philpott Reservoir","RD-D","RD20",NA,"4ASRE048.98",NA,NA,NA,NA,NA,NA,NA,NA,NA,NA,NA,NA,NA,NA,NA,NA,NA,NA,NA,NA,NA,NA,NA,NA,NA,NA,NA,NA,NA,NA,NA,NA,NA,NA,NA,NA,NA,NA,NA,NA,NA,NA,NA,NA,NA,NA,NA,NA,"4ASRE048.98","50 m",47253,NA,NA,558,55800,"4A",NA,"Philpott Reservoir (Smith River)","3e","V",NA,"Smith River (Philpott Reservoir portion) from the Philpott Dam (river mile 46.80) to river mile 61.14, just above the confluence with Small Creek.","Roanoke",NA,"Yes",NA,"Artificial Path",NA,NA,721.686641367
"4ASRE052.31","AWTSHD","RESERV","WCRO","Blue Ridge","#3A,#3B,#3C HORSEHOE POINT - TOP,MIDDLE,",2,"RL","AMBNT",36.830302,-80.072285,3,"South Atlantic-Gulf","Roanoke River Basin","UPPER DAN",3010103,"Upper Dan","Nicholas Creek-Smith River",30101030605,"Smith River/Philpott Reservoir-Nicholas Creek","RD-D","RD19",NA,"4ASRE052.31",NA,NA,NA,NA,NA,NA,NA,NA,NA,NA,NA,NA,NA,NA,NA,NA,NA,NA,NA,NA,NA,NA,NA,NA,NA,NA,NA,NA,NA,NA,NA,NA,NA,NA,NA,NA,NA,NA,NA,NA,NA,NA,NA,NA,NA,NA,NA,NA,NA,NA,NA,NA,NA,NA,NA,NA,NA,NA,NA,NA,NA,NA,NA,NA,NA,NA,NA,NA,NA,NA
"4ASRE056.06","AWTSHD","RESERV","WCRO","Blue Ridge","#4A,#4B,#4C UNION BRIDGE - TOP, MIDDLE,",2,"RL","AMBNT",36.84694444,-80.10194444,3,"South Atlantic-Gulf","Roanoke River Basin","UPPER DAN",3010103,"Upper Dan","Nicholas Creek-Smith River",30101030605,"Smith River/Philpott Reservoir-Nicholas Creek","RD-D","RD19",NA,"4ASRE056.06",NA,NA,NA,NA,NA,NA,NA,NA,NA,NA,NA,NA,NA,NA,NA,NA,NA,NA,NA,NA,NA,NA,NA,NA,NA,NA,NA,NA,NA,NA,NA,NA,NA,NA,NA,NA,NA,NA,NA,NA,NA,NA,NA,NA,NA,NA,NA,NA,"4ASRE056.06","30 m",47254,"01023457","Smith River",558,55800,"4A",NA,"Philpott Reservoir (Smith River)","3e","V",NA,"Smith River (Philpott Reservoir portion) from the Philpott Dam (river mile 46.80) to river mile 61.14, just above the confluence with Small Creek.","Roanoke",NA,"Yes",NA,"Artificial Path",NA,NA,333.139357677
"4ASRN005.14","AWTSHD","RESERV","SCRO","Blue Ridge","KEYSVILLE RESERVOIR (LAKE)-CHARLOTTE CO",2,"RL","AMBNT",37.05777778,-78.5025,3,"South Atlantic-Gulf","Roanoke River Basin","MIDDLE ROANOKE",3010102,"Middle Roanoke","Spring Creek-Roanoke Creek",30101020501,"Roanoke Creek-Spring Creek","RU-T","RU81",NA,"4ASRN005.14",NA,NA,NA,NA,NA,NA,NA,NA,NA,NA,NA,NA,NA,NA,NA,NA,NA,NA,NA,NA,NA,NA,NA,NA,NA,NA,NA,NA,NA,NA,NA,NA,NA,NA,NA,NA,NA,NA,NA,NA,NA,NA,NA,NA,NA,NA,NA,NA,"4ASRN005.14","50 m",47524,"01474988","Spring Creek",558,55800,"4A",NA,"Keysville Reservoir","5a","III","PWS","Tributaries to the Roanoke (Staunton) River from the headwaters of the John Kerr Reservoir to Leesville Dam, unless otherwise designated in this chapter.","Roanoke","Yes",NA,NA,"Artificial Path",NA,NA,275.777758641
"4AWTH000.40","AWTSHD","RESERV","WCRO","Blue Ridge","SMITH MOUNTAIN LAKE - 0.40 MILE FROM MOU",2,"RL","AMBNT",37.05777778,-79.53555556,3,"South Atlantic-Gulf","Roanoke River Basin","UPPER ROANOKE",3010101,"Upper Roanoke","Craddock Creek-Smith Mountain Lake",30101010705,"Roanoke River/Smith Mountain Lake-Craddock Creek","RU-G","RU27",NA,"4AWTH000.40",NA,NA,NA,NA,NA,NA,NA,NA,NA,NA,NA,NA,NA,NA,NA,NA,NA,NA,NA,NA,NA,NA,NA,NA,NA,NA,NA,NA,NA,NA,NA,NA,NA,NA,NA,NA,NA,NA,NA,NA,NA,NA,NA,NA,NA,NA,NA,NA,"4AWTH000.40","50 m",47588,"01476887","Witcher Creek",558,55800,"4A",NA,"Smith Mtn. Lake (Witcher Creek)","6i","IV","PWS, NEW-1","Roanoke River from Smith Mountain Dam (Gap of Smith Mountain) upstream to a point (at latitude 37deg15'53""; longitude 79deg54'00"" and its tributaries to points 5 miles above the 795.0 foot contour (normal pool elevation) of Smith Mountain Lake.","Roanoke","Yes",NA,NA,"Artificial Path",NA,"Yes",2395.11820479
"9-NEW035.25","APROB","STREAM","WCRO","Blue Ridge","Public Boat Ramp below Narrows Falls",2,"PA","AMBNT",37.35135833,-80.81160833,5,"Ohio","New River Basin","MIDDLE NEW",5050002,"Middle New","Clendennin Creek-Bluestone Lake",50500020602,"New River-Bluestone Lake-Clendennin Creek","NE-W","NE83",NA,"9-NEW035.25","VAW-N29R_NEW02A02",NA,NA,"S","BRRO","PA",NA,NA,37.3513583,-80.8116083,"N29R","NE83",0,12,"S",0,11,"S",0,12,"S",0,12,"S",NA,NA,NA,NA,NA,NA,NA,NA,NA,NA,NA,NA,NA,NA,NA,NA,0,11,"S",NA,NA,NA,"2018 Cycle: 2016 Probabilistic Ambient station.",NA,NA,NA,NA,NA,NA,NA,NA,NA,NA,NA,NA,NA,NA,NA,NA,NA,NA,NA,NA,NA,NA,NA
"9-NEW066.90","AWTSHD","STREAM","WCRO","Blue Ridge","AT WHITETHORNE BOAT RAMP",10044,"TM","AMBNT",37.19833333,-80.56527778,5,"Ohio","New River Basin","UPPER NEW",5050001,"Upper New","Dry Branch-New River",50500011806,"New River-Dry Branch","NE-Q","NE62",NA,"9-NEW066.90","VAW-N22R_NEW02A00","VAW-N22R_NEW03A00","VAW-N22R_NEW04A00","S","BRRO","A","C",NA,37.198333,-80.563333,"N22R","NE62",0,25,"S",0,25,"S",0,25,"S",6,24,"IM",NA,NA,NA,NA,NA,NA,NA,NA,NA,NA,NA,NA,NA,NA,NA,NA,0,24,"S",0,0,NA,"2016 Cycle:  PWS. VDH Fish Consumption Advisory issued 8/06/01 PCBs.  Nutrient/Macrophyte Study station.
PCB water column sample uncensored 
WQS criterion 640 pg/L.
WW 460.2 pg/L (5/18/2011).

2012 FT/Sed One Carp (1 fish [72 cm]) exceeds the WQS PCB TV at 125.58 ppb.  No excursions of the PCB sediment PEC SV of 676 ppb.

Supplemental Information:
9-NEW063.06- Water column PCB criterion 640 pg/L- 'FS' 
 DW- 184.1 pg/L (5/06/2010); WW 636.8 pg/L (5/18/2010).  
 WW 186.9 pg/L (5/18/2011); DW 164.3 pg/L (6/09/2011); 201.9 pg/L (6/09/2011). 
 WW 391.5 pg/L (10/08/2013); WW 552.93 pg/L (10/08/2013); NA 147.0 pg/L (12/06/2013).
 
Outside Data Window:  
2002 FT (reported as 9-NEW066.99 by WQS staff). 
9-NEW066.90- Nutrient/Macrophyte Study 2002 data collection- NH3-N-'FS'.
2002 & 2001 Fish tissue exceeds former PCB TV of 54 ppb previous assessments; Total fish analyzed 82 from:
2002- 2 sp. Five Carp various sizes at 444, 451, 461, 637 and 1056 ppb and one Channel Catfish at 355 ppb; and one Flathead Catfish at 255 ppb. Total fish analyzed 27. Application of new WQS TV (20 ppb) adds 2 more sp. Smallmouth bass (38.1-47.2 cm) at 40.41; largemouth bass (42.7-47.3 cm) at 26.96; and 2 additional flathead catfish (65.5 cm) at 50.67 and (60.5 cm) at 20.01 ppb.
2001- No exceedances from a total of 38 fish analyzed (former 54 ppb).  Application of New WQS TV (20 ppb) adds 2 sp. Smallmouth bass (45.7-53.1 cm) at 30.68, smallmouth bass (36.1-40.0 cm) at 24.5 ppb and white sucker (40.4-45.0 cm) at 21.8 ppb.
2000- One carp at 686 ppb; Total analyzed 5.  Total fish analyzed 17.
2002 and 2001 sediment results find no exceedances of PEC SVs.

Stream Flow <7Q10 8/14/2002 (no field data taken).",NA,NA,NA,NA,NA,NA,NA,NA,NA,NA,NA,NA,NA,NA,NA,NA,NA,NA,NA,NA,NA,NA,NA
"9-NEW089.34","ATRND","RESERV","WCRO","Blue Ridge","CLAYTOR LAKE LINE BETWEEN BEACH & INLET",2,"RL","AMBNT",37.0525,-80.61472222,5,"Ohio","New River Basin","UPPER NEW",5050001,"Upper New","Lower Claytor Lake-New River",50500011506,"New River/Lower Claytor Lake","NE-N","NE47",NA,"9-NEW089.34",NA,NA,NA,NA,NA,NA,NA,NA,NA,NA,NA,NA,NA,NA,NA,NA,NA,NA,NA,NA,NA,NA,NA,NA,NA,NA,NA,NA,NA,NA,NA,NA,NA,NA,NA,NA,NA,NA,NA,NA,NA,NA,NA,NA,NA,NA,NA,NA,NA,NA,NA,NA,NA,NA,NA,NA,NA,NA,NA,NA,NA,NA,NA,NA,NA,NA,NA,NA,NA,NA
"9-NEW099.90","SSTUDY","RESERV","WCRO","Blue Ridge","New River near Rt. 672 at Claytor Lake",13034,"TM","AMBNT",37.00258333,-80.6824,5,"Ohio","New River Basin","UPPER NEW",5050001,"Upper New","Upper Claytor Lake-New River",50500011502,"New River-Upper Claytor Lake","NE-N","NE43",NA,"9-NEW099.90",NA,NA,NA,NA,NA,NA,NA,NA,NA,NA,NA,NA,NA,NA,NA,NA,NA,NA,NA,NA,NA,NA,NA,NA,NA,NA,NA,NA,NA,NA,NA,NA,NA,NA,NA,NA,NA,NA,NA,NA,NA,NA,NA,NA,NA,NA,NA,NA,"9-NEW099.90","User Selected",17506,"01552301","New River",558,55800,"9",NA,"Claytor Lake (New River)","2m","IV","PWS, NEW-4, v","New River (Claytor Lake) from the Klopman Mills raw water intake to the Pulaski County Public Service Authority's raw water intake and tributaries to points 5 miles upstream of each intake.","New","Yes",NA,NA,"Artificial Path",NA,NA,118.469767432
"9-PKC004.16","ATRND","RESERV","WCRO","Blue Ridge","CLAYTOR LAKE CONRAD BROTHERS MARINA TOP",2,"RL","AMBNT",37.0425,-80.71027778,5,"Ohio","New River Basin","UPPER NEW",5050001,"Upper New","Thorne Springs Branch-Peak Creek",50500011505,"Peak Creek-Thorne Springs Branch","NE-N","NE46",NA,"9-PKC004.16",NA,NA,NA,NA,NA,NA,NA,NA,NA,NA,NA,NA,NA,NA,NA,NA,NA,NA,NA,NA,NA,NA,NA,NA,NA,NA,NA,NA,NA,NA,NA,NA,NA,NA,NA,NA,NA,NA,NA,NA,NA,NA,NA,NA,NA,NA,NA,NA,"9-PKC004.16","20 m",17606,"01486107","Peak Creek",558,55800,"9",NA,"Claytor Lake (Peak Creek)","2c","IV","NEW-5, v","New River and its tributaries, except Peak Creek above Interstate Route 81, from Claytor Dam to Big Reed Island Creek (Claytor Lake).","New",NA,NA,NA,"Artificial Path",NA,NA,1370.33877863
"9-PKC017.71","AWTSHD","RESERV","WCRO","Blue Ridge","West Arm",2,"RL","AMBNT",37.04248333,-80.87334722,5,"Ohio","New River Basin","UPPER NEW",5050001,"Upper New","Gatewood Reservoir-Peak Creek",50500011503,"Peak Creek-Gatewood Reservoir","NE-N","NE44",NA,"9-PKC017.71",NA,NA,NA,NA,NA,NA,NA,NA,NA,NA,NA,NA,NA,NA,NA,NA,NA,NA,NA,NA,NA,NA,NA,NA,NA,NA,NA,NA,NA,NA,NA,NA,NA,NA,NA,NA,NA,NA,NA,NA,NA,NA,NA,NA,NA,NA,NA,NA,"9-PKC017.71","10 m",17521,"01486107","Peak Creek",558,55800,"9",NA,"Gatewood Reservoir","2d","IV","PWS, NEW-5, v","Peak Creek and its tributaries from Pulaski's raw water intake upstream, including Hogan Branch to its headwaters and Gatewood Reservoir.","New","Yes",NA,NA,"Artificial Path",NA,NA,769.311860024
"9-XFP000.32","SSTUDY","STREAM","WCRO","Blue Ridge","Old Cloyd Mountain Landfill drainage",13034,"TM","TRGTED",37.19124167,-80.72765278,5,"Ohio","New River Basin","MIDDLE NEW",5050002,"Middle New","Little Walker Creek",50500020202,"Little Walker Creek","NE-S","NE72",NA,"9-XFP000.32","VAW-N27R_XFP01A16",NA,NA,"S","BRRO","TM",NA,NA,37.191241,-80.727652,"N27R","NE72",0,1,"IN",0,1,"IN",0,1,"IN",0,0,NA,NA,NA,NA,NA,NA,NA,NA,NA,NA,NA,NA,NA,NA,NA,NA,NA,0,0,NA,0,0,NA,"2016 Cycle:  PCB water column samples uncensored.
WQS 640 pg/L criterion
DW 74.91 pg/L (7/31/2014).",NA,NA,NA,NA,NA,NA,NA,NA,NA,NA,NA,NA,NA,NA,NA,NA,NA,NA,NA,NA,NA,NA,NA
